,UID,账号,等级,昵称,蓝V,粉丝数,关注数,获赞数,作品数,性别,个人二维码,ip归属地,发言次数,发言内容
0,3943234,jhoney,2,天下,否,1366,24,3002,13,男,点击扫码,上海,6,张家界现在能去吗
1,3943234,mefd,3,海你,是,1546,27,3402,17,女,点击扫码,北京,3,5天四晚多少钱
2,3943234,wanghao,4,大哥大,否,2366,33,6002,63,女,点击扫码,广州,4,我想找一个驴友一起
3,3943234,jhoney,2,天下,否,1366,24,3002,13,男,点击扫码,上海,6,张家界现在能去吗
4,3943234,mefd,3,海你,是,1546,27,3402,17,女,点击扫码,北京,3,5天四晚多少钱
5,3943234,wanghao,4,大哥大,否,2366,33,6002,63,女,点击扫码,广州,4,我想找一个驴友一起
6,3943234,jhoney,2,天下,否,1366,24,3002,13,男,点击扫码,上海,6,张家界现在能去吗
7,3943234,mefd,3,海你,是,1546,27,3402,17,女,点击扫码,北京,3,5天四晚多少钱
8,3943234,wanghao,4,大哥大,否,2366,33,6002,63,女,点击扫码,广州,4,我想找一个驴友一起
9,3943234,jhoney,2,天下,否,1366,24,3002,13,男,点击扫码,上海,6,张家界现在能去吗
10,3943234,mefd,3,海你,是,1546,27,3402,17,女,点击扫码,北京,3,5天四晚多少钱
11,3943234,wanghao,4,大哥大,否,2366,33,6002,63,女,点击扫码,广州,4,我想找一个驴友一起
